AACombo,Fitness,FitnessGroup
LYTQ,0.0,<=0
QQEG,0.0,<=0
WAGD,0.0,<=0
MHWY,0.0,<=0
TNQW,0.0,<=0
ANKF,0.0,<=0
MYTW,0.0,<=0
RHCA,0.0,<=0
FAAD,0.0,<=0
YARD,0.0,<=0
FGRT,0.0,<=0
PRLY,0.0,<=0
NNRQ,0.0,<=0
YHEQ,0.0,<=0
RYLR,0.0,<=0
LDFA,0.0,<=0
PKHD,0.0,<=0
VMQM,0.0,<=0
NVWF,0.0,<=0
FFRF,0.0,<=0
EHNN,0.0,<=0
NQRT,0.0,<=0
LHVW,0.0,<=0
HWVW,0.0,<=0
VTNA,0.0,<=0
HVWK,0.0,<=0
FMVK,0.0,<=0
RFEW,0.0,<=0
RPIA,0.0,<=0
QQMT,0.0,<=0
IGYG,0.0,<=0
IMDW,0.0,<=0
QLDT,0.0,<=0
KWSL,0.0,<=0
CAFI,0.0,<=0
YWAK,0.0,<=0
KDYG,0.0,<=0
DFYM,0.0,<=0
EPIQ,0.0,<=0
FRVK,0.0,<=0
QLIK,0.0,<=0
IIFY,0.0,<=0
PFDT,0.0,<=0
AMDM,0.0,<=0
YIRK,0.0,<=0
WDEM,0.0,<=0
HNLA,0.0,<=0
LCGK,0.0,<=0
PVVV,0.0,<=0
HQKG,0.0,<=0
DGWD,0.0,<=0
EVAK,0.0,<=0
WQWG,0.0,<=0
QHSK,0.0,<=0
QFGN,0.0,<=0
HWDA,0.0,<=0
FYGW,0.0,<=0
KLKA,0.0,<=0
HWGM,0.0,<=0
DRQK,0.0,<=0
RGKM,0.0,<=0
QYFM,0.0,<=0
MDND,0.0,<=0
RGWS,0.0,<=0
EDCR,0.0,<=0
DVRW,0.0,<=0
GPHN,0.0,<=0
NYEW,0.0,<=0
YAHN,0.0,<=0
HYVG,0.0,<=0
HTPL,0.0,<=0
LKNQ,0.0,<=0
NITF,0.0,<=0
KNSR,0.0,<=0
GTHK,0.0,<=0
FDHN,0.0,<=0
WMQY,0.0,<=0
LIVD,0.0,<=0
PNQA,0.0,<=0
GPPK,0.0,<=0
IRMI,0.0,<=0
KDTS,0.0,<=0
LIWF,0.0,<=0
YWTA,0.0,<=0
PLHT,0.0,<=0
YANV,0.0,<=0
QEEG,0.0,<=0
FNGW,0.0,<=0
VWAT,0.0,<=0
KHWY,0.0,<=0
TPWA,0.0,<=0
KQCG,0.0,<=0
AWRR,0.0,<=0
RYCF,0.0,<=0
VKIT,0.0,<=0
MTHR,0.0,<=0
RWLY,0.0,<=0
MPFR,0.0,<=0
WPEG,0.0,<=0
IICR,0.0,<=0
VMCQ,0.03456,0-0.1
EAMF,0.006795,0-0.1
QCTS,0.016718,0-0.1
FNSW,0.00127333333333,0-0.1
WNAI,0.019015,0-0.1
KKVM,0.02716,0-0.1
KGSQ,0.0499,0-0.1
YEHL,0.03441,0-0.1
IAGI,0.0055975,0-0.1
GQTI,0.06716,0-0.1
NIWK,0.04753,0-0.1
LISA,0.0063458333333299,0-0.1
MDYQ,0.02376,0-0.1
PILV,0.000999166666667,0-0.1
SQHM,0.0187733333333,0-0.1
IKIF,0.00551,0-0.1
SRCG,0.0295672727273,0-0.1
MLIL,0.0255266666667,0-0.1
QACY,0.03456,0-0.1
LSQG,0.007043125,0-0.1
ISIT,0.00814333333333,0-0.1
MLTG,0.031058,0-0.1
ADST,0.07103,0-0.1
WSAL,0.0166422222222,0-0.1
KKGY,0.04753,0-0.1
NSEM,0.01585,0-0.1
VNNV,0.0133466666667,0-0.1
FRSF,0.0007866666666669,0-0.1
TVWD,0.0356525,0-0.1
VLWT,0.00591125,0-0.1
ARFL,0.023582,0-0.1
PFTL,0.000999166666667,0-0.1
IFFI,0.00193,0-0.1
NMSF,0.00631333333333,0-0.1
GGFS,0.0239108333333,0-0.1
TMAW,0.02377,0-0.1
SPCV,0.00133818181818,0-0.1
VEFY,0.00414,0-0.1
SNGR,0.0151307142857,0-0.1
DTFS,0.00192833333333,0-0.1
YFNN,0.01001,0-0.1
QDFM,0.01521,0-0.1
TMRR,0.00244615384615,0-0.1
DLAY,0.00396833333333,0-0.1
LISL,0.0134684615385,0-0.1
MHMN,0.02925,0-0.1
THYR,0.00181833333333,0-0.1
KDSR,0.005078,0-0.1
AGQK,0.05849,0-0.1
NHCY,0.00927,0-0.1
IAPV,0.00130142857143,0-0.1
KESV,0.0513483333333,0-0.1
YVCK,0.06452,0-0.1
FATQ,0.084485,0-0.1
HIFW,0.01311,0-0.1
NICM,0.02173,0-0.1
VYMV,0.0902966666667,0-0.1
SCYK,0.07414,0-0.1
FMTV,0.003175,0-0.1
FWIF,0.00521,0-0.1
HGLW,0.00692,0-0.1
AHIQ,0.05069,0-0.1
TDSD,0.02799,0-0.1
LPML,0.004478125,0-0.1
THSR,0.011901875,0-0.1
GVAN,0.02716,0-0.1
LAAS,0.00476166666667,0-0.1
FSPQ,0.006055,0-0.1
VMSK,0.006344,0-0.1
GPSL,0.0121810526316,0-0.1
DIVI,0.00827,0-0.1
VKVS,0.000999166666667,0-0.1
HGCS,0.0814733333333,0-0.1
MYYI,0.04473,0-0.1
RLPG,0.000801666666667,0-0.1
SEKV,0.0142625,0-0.1
FAIY,0.00501,0-0.1
FGVT,0.0419833333333,0-0.1
NSTL,0.0183476470588,0-0.1
VYFV,0.0051049999999999,0-0.1
NQLF,0.00794,0-0.1
FATM,0.0496775,0-0.1
AKYL,0.0870375,0-0.1
THLR,0.01734,0-0.1
RPCS,0.00191,0-0.1
PETS,0.0067975,0-0.1
RECI,0.017285,0-0.1
LFAF,0.000998333333333,0-0.1
TYGA,0.082825,0-0.1
TLDG,0.0140866666667,0-0.1
AQDL,0.015928,0-0.1
NGMS,0.014174,0-0.1
YRSG,0.00352142857143,0-0.1
WSFG,0.00819166666667,0-0.1
SRIN,0.00470222222222,0-0.1
WQLL,0.0137077777778,0-0.1
SKNV,0.086254,0-0.1
HMTS,0.013585,0-0.1
VIVV,0.01072125,0-0.1
AAMT,0.07016,0-0.1
SVAK,4.25874888889,0.1-10
QSNG,5.879046,0.1-10
QGDL,4.83573,0.1-10
TIGN,3.21765333333,0.1-10
YISW,0.36833,0.1-10
SMTS,7.69539,0.1-10
AQTV,7.085,0.1-10
RRLM,0.276520909091,0.1-10
ATIA,1.4486825,0.1-10
YSLS,7.494355185189999,0.1-10
RTHR,0.29942,0.1-10
VNMV,7.495286666669999,0.1-10
VNSL,2.36141117647,0.1-10
RIKM,1.57267,0.1-10
RLPD,0.174621333333,0.1-10
SGQS,3.12553888889,0.1-10
TGYA,5.15377333333,0.1-10
ALVM,2.628879,0.1-10
LSFI,6.54512,0.1-10
MCAG,8.124360000000001,0.1-10
IWKR,0.1037,0.1-10
SLCV,7.12967777778,0.1-10
HGGT,0.12673,0.1-10
GYSM,0.12172,0.1-10
RTLM,0.124843636364,0.1-10
MVLK,1.762016,0.1-10
AHSM,4.114006,0.1-10
TRCF,1.165022,0.1-10
SEGT,1.25744,0.1-10
YVTV,0.285906666667,0.1-10
CQSG,0.10863,0.1-10
SNTA,2.79478875,0.1-10
FNYK,0.48765,0.1-10
YMGM,0.17395,0.1-10
YKIM,0.23536,0.1-10
LAIS,0.232666,0.1-10
TVTR,2.257081875,0.1-10
ACIY,0.11406,0.1-10
STPT,0.339825238095,0.1-10
VVLL,3.26525342857,0.1-10
ANLN,8.467202,0.1-10
ITAM,0.308075,0.1-10
STMD,9.320858,0.1-10
TFNL,0.99323,0.1-10
SCYQ,0.126286666667,0.1-10
SIGR,1.85270066667,0.1-10
TGEA,0.1901,0.1-10
YAAV,0.143636,0.1-10
GHYL,0.670956,0.1-10
QVWM,6.651135000000001,0.1-10
YQIG,0.120935,0.1-10
MCYF,3.56441,0.1-10
TATY,6.280945,0.1-10
TYNM,4.53077,0.1-10
AIPL,5.12734833333,0.1-10
GNNY,0.11406,0.1-10
MISL,6.62185222222,0.1-10
FWLS,0.264836666667,0.1-10
GMSM,5.426322,0.1-10
GCMN,4.94428,0.1-10
YMCY,0.18397,0.1-10
AVSF,9.87142416667,0.1-10
SLLS,6.3516891358,0.1-10
GTSQ,5.68798857143,0.1-10
SIYV,0.143665,0.1-10
TAHS,5.232285,0.1-10
GNVY,2.92669333333,0.1-10
TISF,5.10307666667,0.1-10
MGWY,4.797815,0.1-10
MQAY,0.10074,0.1-10
TQLR,2.22645384615,0.1-10
SLTN,7.414679411760001,0.1-10
AQCM,0.20128,0.1-10
TGGG,1.152375,0.1-10
ALAF,8.12844545455,0.1-10
MEAL,8.155156666669999,0.1-10
TRCS,5.345489230769999,0.1-10
SNLY,5.35283888889,0.1-10
MISA,0.800584,0.1-10
TCVS,0.384118,0.1-10
HLYL,0.123413333333,0.1-10
MTYQ,2.5012,0.1-10
FSTF,0.465565,0.1-10
MSSY,2.55553555556,0.1-10
YTLT,0.159070833333,0.1-10
ATCR,6.44480142857,0.1-10
TCVM,0.289376666667,0.1-10
FRPT,0.274978333333,0.1-10
VEMG,6.38869,0.1-10
TSHA,2.999849,0.1-10
YITY,0.7128800000000001,0.1-10
STTI,5.615593333330001,0.1-10
TVMM,0.562916666667,0.1-10
AQHQ,7.50903,0.1-10
YSLN,6.80111666667,0.1-10
YAAI,0.153493333333,0.1-10
AQYQ,0.25347,0.1-10
AMVS,2.63989125,0.1-10
YNGA,0.1765275,0.1-10
SCQG,7.521808,0.1-10
SHLI,10.2312555556,>10
AESF,14.7611016667,>10
ANGI,22.05185,>10
TEMG,19.13136,>10
STSM,16.3714733333,>10
MGAT,18.7549175,>10
TQWS,10.6992175,>10
SISF,10.7092011111,>10
TGMV,12.6972583333,>10
SCCD,16.163865,>10
TQTM,22.54538,>10
TQCS,15.11776,>10
ANNF,12.878665,>10
GVCW,11.52562,>10
SSTY,11.2588211111,>10
AKMT,52.11514,>10
GNIM,13.384885,>10
MTLM,13.8059383333,>10
SIPL,10.35275,>10
QCSN,17.556625,>10
SNML,15.8872122222,>10
CLSM,22.66641,>10
FSML,12.6743333333,>10
AMCF,12.25193,>10
MIFN,11.04829,>10
ASTL,20.2310733333,>10
TTSM,14.8129463636,>10
SGIN,11.3870683333,>10
QADL,10.314946,>10
TQYQ,27.05787,>10
STIM,15.2572033333,>10
GVLF,10.3337066667,>10
SELG,25.3475073333,>10
STLQ,18.30916,>10
AVGF,11.0352971429,>10
TSSL,13.7496392308,>10
ASCN,15.3208725,>10
GHTN,12.92695,>10
TEHM,58.86037,>10
SQLI,11.7854166667,>10
AECV,21.393805,>10
ANLF,10.68702,>10
ADLI,16.8146566667,>10
SQTL,12.2667452941,>10
MQYL,10.7885266667,>10
TSTM,25.5856081818,>10
VTLL,17.8084725714,>10
SICQ,27.5908066667,>10
TCTM,21.094345,>10
QEYM,24.71328,>10
TNTM,31.1732933333,>10
SICV,16.5854933333,>10
TDMT,10.82467,>10
TASY,10.87504,>10
SIGW,11.6954666667,>10
SGQL,11.969423125,>10
ARCQ,10.26551,>10
TKTS,11.8923111111,>10
SEMF,20.64481,>10
TAMG,17.165615,>10
SATS,14.1835284375,>10
SECL,18.6519288889,>10
STNY,14.1587933333,>10
STLS,11.0774267925,>10
LEWV,11.921524,>10
TRCM,12.4019025,>10
GNCQ,12.13197,>10
AQCS,11.0643525,>10
HGML,21.634124,>10
SEMG,21.536828,>10
TKQL,23.201992,>10
SNMG,12.451608,>10
TQML,22.451872,>10
TEFA,11.2999875,>10
SEVT,16.82918125,>10
AETL,15.109694,>10
TVQN,12.13123,>10
VGLV,12.2755340909,>10
MSLQ,10.0313022222,>10
TTMA,13.43322,>10
SITV,11.7635416667,>10
SALT,11.2335185294,>10
TGYQ,15.94995,>10
TKTQ,12.575755,>10
TQNT,15.3630233333,>10
SEVK,12.279106,>10
SMCY,11.61735,>10
SCAT,16.1479009091,>10
ICLM,10.6414933333,>10
TSSG,14.4181210345,>10
AQSS,11.7435861538,>10
GIAS,14.231226,>10
AIVQ,10.4172766667,>10
GIMM,17.25177,>10
AKCI,10.06079,>10
FTLV,10.2108541667,>10
HSLM,22.0594088889,>10
SISN,10.92538,>10
SNLS,11.4811714815,>10
TNQM,14.26884,>10
